center_id,recipient_id,demand,capacity,distance
3,7,12,17,7.437681749069535
11,4,23,23,96.41748601988122
10,11,20,32,77.92948356651293
6,9,20,25,0.0
7,8,19,45,0.1728296247821092
