recipient_id,center_id,amount,recipient_demand,center_capacity,distance
8,10,31.0,76,160,0.11119492664508969
8,6,45.0,76,125,0.0
7,10,84.0,84,160,7.398476846210718
9,6,80.0,80,125,0.0
